id,title
Mass1,100% Shea Butter Balm
Mass2,Thermal Balm
Mass3,Housses 7 morceaux pour chaise de massage
Mass4,Lightness Balm
Mass5,Cream Masso Visage
Mass6,Arôma-Spas | Lavender Oil
Mass7,Expresso portable Nomad table
Mass8,Biogel – Relaxation & Release
Mass9,"Essential Oil Diffuser / Nebulizer ""Vivi"""
Mass10,Power degreaser for tables & bolsters
Mass11,Pierre de Massage - Large
Mass12,Smokeless Moxa sticks - 5 sticks
Mass13,Laundry Detergent
Mass14,Portal Pro massage chair by Oakworks
Mass15,Complex 25 PLUS - Specialized Complex
Mass16,Balance
Mass17,Ens. de 8 bambous + DVD pour massage
Mass18,Sous-vêtement jetable pour homme - Boxer
Mass19,Super Orange Degreaser
Mass20,Single Bottle Holster - With Bottle
Mass21,Traversin vinyle 1/2 lune
Mass22,Terry cloth headband (2)
Mass23,Cercle de réflexologie des Pieds
Mass24,Terry wrap for women
Mass25,Fabric Softener - lemon scent
Mass26,"Essential Oil Diffuser / Nebulizer ""Tripman"""
Mass27,Porcelain Lava Shells®
Mass28,Pierre de Massage - Large
Mass29,Pierre de Massage - Petite
Mass30,Instant Nomad table with back rest
Mass31,"Balsam Fir, Abies balsamea"
Mass32,Good Night
Mass33,Shoulder pillow (pair) - Cotton & polyester foam
Mass34,Quilted Headrest Cover
Mass35,Traversin sarrasin rond 6x12
Mass36,Nourishing Dry Gray Clay
Mass37,3 pieces cotton sheet set
Mass38,Sumo portable Nomad table
Mass39,100% Natural Massage Gel - Muscle Relief
Mass40,Muscle & Joint Relief Therapeutic Massage Creme
Mass41,Bambino - Massage Cream Milk Chocolate
Mass42,Healthy Benefits Massage Creme
Mass43,Pulmo Air Balm
Mass44,Body and Massage Balm – Conception & Baby
Mass45,Biogel – Muscular & Pulmonary
Mass46,Biogel – Rich & Creamy
Mass47,Gift Certificate - pack of 10
Mass48,Yoga Tune Up® - ROLLS Royce Collection
Mass49,Paraffin Wax Beads - 1Lb
Mass50,Gift package- Fruits & Vegetables washing soap
Mass51,Pair of waterproof vinyl pillowcase- bolster 6x12 inches
Mass52,Aroma candle for massage
Mass53,"Aromasol Pin, sapin & Eucalyptus - Brume d'ambiance"
Mass54,Ventilated washable protective mask - 2 layers
Mass55,Sheep's Milk Soap - Lavender & Chamomile
Mass56,Electric Powered Ergonomic Table - 3 Sections
Mass57,Pedi Spa Nomad Table
Mass58,3 Piece cotton sheet set - Navy
Mass59,Love incense stick - 20 stick
Mass60,Gift card $25
Mass61,Fabric squares 6x6 inches - 25 units
Mass62,Coussin de corps en billes de polystyrène - 8x60
Mass63,NOMAD WOODEN STOOL WITH CASTERS
Mass64,4 pcs Original Body Cushion
Mass65,Covers for 6X9 Shoulder Pillow
Mass66,6X12 Bolster Covers
Mass67,Housse pour appui-bras latéraux
Mass68,Pressotherapy Socks - Cotton Knit
Mass69,Ens. de 8 bambous pour le massage à l'huile
Mass70,Pregnancy cushion
Mass71,Hot Shell Belt
Mass72,Traversin vinyle 1/2 lune
Mass73,Biodegradable disposabal sheet
Mass74,Terry mitt/glove (short) - Pair
Mass75,Coussin appui-tête Mousse Mémoire Nomad
Mass76,Memory foam ergonomic pillowcases - Pair
Mass77,Cercle de réflexologie des Pieds
Mass78,Coussin appui-tête Mousse Mémoire
Mass79,Curly Fleece Wrap for Women
Mass80,Kimono bathrobe - Men
Mass81,Natural Lava Shells®
Mass82,Nomad Extreme de Luxe with back rest table
Mass83,Housse de tabouret selle
Mass84,Saddle ergonomical Stool
Mass85,Heated rye slippers
Mass86,Petit bas (Pichous)
Mass87,Digital Moist Heating Pad - Therathem
Mass88,Housse de rallonge de table/appui-bras Nomad
Mass89,ProFlex Nomad Table
Mass90,Hooded bathrobe -  Men
Mass91,Nomad Pro Table
Mass92,7x12 round buckweat bolster - Pair
Mass93,Traversin sarrasin rond 4x12
Mass94,Flannel Headrest Cover
Mass95,3 Pieces Flannel Sheet Set
Mass96,Jar Holster + 4 oz Jar
Mass97,Bambino - Massage cream maple cookie
Mass98,Dual-Purpose Biotone Massage Creme
